iteration,time_sec
0,0.064015583
1,0.054359167
2,0.053891792
3,0.053813916
4,0.053821666
