iteration,time_sec
0,5.730891792
1,5.696819875
2,5.878814708
3,5.805215292
4,5.728709542
