iteration,time_sec
0,8.621859958
1,8.642423625
2,8.658423834
3,8.621667667
4,8.623766
