iteration,time_sec
0,3.376029292
1,3.406602042
2,3.425556041
3,3.427262958
4,3.414565083
