iteration,time_sec
0,0.695619458
1,0.690564125
2,0.690657041
3,0.690783375
4,0.690919417
