iteration,time_sec
0,0.256643333
1,0.254930875
2,0.253432375
3,0.255926833
4,0.253397292
