iteration,time_sec
0,1.727447833
1,1.834785958
2,1.766436875
3,1.752833709
4,1.771051666
