iteration,time_sec
0,5.668859834
1,5.627706125
2,5.6135185
3,5.647000542
4,5.609331
