iteration,time_sec
0,0.690710958
1,0.691061458
2,0.691612791
3,0.691599542
4,0.691637041
