iteration,time_sec
0,0.053826458
1,0.053821041
2,0.053813625
3,0.053805583
4,0.053920375
