iteration,time_sec
0,1.77235875
1,1.786939125
2,1.860682917
3,1.763819625
4,1.756961875
