iteration,time_sec
0,3.392940959
1,3.421906667
2,3.447153125
3,3.398215666
4,3.409491333
