iteration,time_sec
0,0.253283542
1,0.253263
2,0.253564625
3,0.255540167
4,0.253444125
