iteration,time_sec
0,8.627268916
1,8.641099333
2,8.701359667
3,8.69173425
4,8.922927167
