Matrix Size,Avg Execution Time (s)
600,0.116526
1000,0.547406
1400,1.5187
1800,3.23771
2200,5.88294
2600,9.78196
3000,15.3794
