Matrix Size,Avg Execution Time (s)
600,0.0315503
1000,0.130407
1400,0.343384
1800,0.794385
2200,1.4911
2600,2.48651
3000,3.84265
